Query,Answer
What is the meaning of Ayurveda?,Ayurveda means 'the science of life' and is a traditional Indian system of medicine.
What are the three doshas in Ayurveda?,"The three doshas are Vata, Pitta, and Kapha, which govern bodily functions."
Which text is considered one of the primary sources of Ayurveda?,The Sushruta Samhita is one of the foundational texts of Ayurveda.
What is Triphala and its benefits?,"Triphala is a combination of three fruits—Amalaki, Bibhitaki, and Haritaki—used for digestion and detoxification."
What is Rasa Shastra?,Rasa Shastra is a branch of Ayurveda that deals with the preparation of medicines using minerals and metals.
What is the primary function of Kapha dosha?,"Kapha governs structure, lubrication, and stability in the body."
How does Ayurveda classify food?,"Ayurveda classifies food based on six tastes: sweet, sour, salty, bitter, pungent, and astringent."
What is the role of Agni in Ayurveda?,Agni represents the digestive fire and is crucial for metabolism and transformation of food.
Which Ayurvedic herb is known as the 'King of Herbs'?,Ashwagandha is often referred to as the 'King of Herbs' for its adaptogenic properties.
What is Panchakarma therapy?,Panchakarma is a detoxification process consisting of five purification procedures.
What is the significance of Abhyanga?,"Abhyanga is an Ayurvedic oil massage that promotes circulation, relaxation, and detoxification."
What is the Ayurvedic perspective on seasonal changes?,"Ayurveda recommends Ritucharya, a seasonal regimen to maintain balance according to changing weather."
What is Prakriti in Ayurveda?,Prakriti refers to an individual's unique constitution determined by the balance of the three doshas at birth.
Which Ayurvedic text discusses surgery in detail?,The Sushruta Samhita provides extensive knowledge on surgical techniques and procedures.
How does Ayurveda approach mental health?,"Ayurveda focuses on balancing the mind using sattvic foods, meditation, and herbal support like Brahmi and Ashwagandha."
What is the importance of Dinacharya in Ayurveda?,Dinacharya refers to a daily routine that aligns with nature’s cycles for optimal health.
What is the role of Rasayana therapy?,"Rasayana therapy aims at rejuvenation, longevity, and boosting immunity."
Which Ayurvedic text primarily deals with toxicology?,The text 'Forensic Medicine' discusses toxicology in Ayurveda.
What are the characteristics of Vata dosha?,"Vata is dry, light, cold, and mobile, governing movement and the nervous system."
How does Ayurveda view digestion?,"Ayurveda considers digestion as the root of health, governed by Agni (digestive fire)."
What is the role of Ojas in Ayurveda?,"Ojas represents vitality and immunity, providing strength and stability to the body."
What are the key Ayurvedic treatments for lung diseases?,"Treatments include herbal remedies like Vasaka, Sitopaladi Churna, and lifestyle modifications."
What are the primary sources of Ayurvedic medicines?,"They come from herbs, minerals, and animal products as described in Rasa Shastra."
What is the significance of Marma points?,Marma points are vital energy points in the body used in healing therapies.
Which Ayurvedic herb is best for brain function?,Brahmi is widely used to enhance memory and cognitive function.
What is Shirodhara therapy?,Shirodhara involves pouring warm oil on the forehead for mental relaxation and stress relief.
What is the role of Ghee in Ayurveda?,"Ghee is used for digestion, lubrication, and enhancing the potency of herbal formulations."
What is Vajikarana therapy?,Vajikarana is an Ayurvedic approach to improving reproductive health and vitality.
What is the Ayurvedic view on fasting?,"Fasting, or Langhana, is used to detoxify and balance the body, especially in Kapha disorders."
How does Ayurveda explain sleep disorders?,"Sleep disorders arise from imbalances in Vata and Pitta doshas, requiring herbal and lifestyle interventions."
What is the significance of Ayurvedic pulse diagnosis?,Nadi Pariksha (pulse diagnosis) helps assess doshic imbalances and overall health.
Which Ayurvedic preparation is used for chronic fevers?,Sudarshana Churna is a widely used formulation for treating chronic fevers.
What is the importance of Swedana therapy?,Swedana (sweating therapy) is used to eliminate toxins and relieve muscle stiffness.
How does Ayurveda classify diseases?,Diseases are classified as Nija (internal imbalance) and Agantuja (external factors).
What is the Ayurvedic perspective on diabetes?,Diabetes (Madhumeha) is linked to Kapha and can be managed with dietary and herbal interventions.
What is the significance of Parada in Rasa Shastra?,Parada (mercury) is considered the essence of Lord Shiva and is used in alchemical medicines.
What are the Ayurvedic guidelines for pregnancy?,"Garbhini Paricharya includes diet, lifestyle, and herbal support for healthy pregnancy."
Which Ayurvedic practice enhances longevity?,"Rasayana therapy, including Chyawanprash, enhances longevity and vitality."
What is the role of meditation in Ayurveda?,"Meditation balances the mind, reduces stress, and supports overall health."
Which Ayurvedic herb is best for liver health?,Kutki (Picrorhiza kurroa) is a potent liver tonic used in Ayurveda.
How does Ayurveda define Ama?,Ama refers to undigested toxins that accumulate in the body and cause diseases.
What is the function of Ushna Virya herbs?,Ushna Virya (hot potency) herbs increase metabolism and balance Kapha and Vata.
What is the role of Nasya therapy?,Nasya involves administering herbal oils through the nose for sinus and neurological issues.
How does Ayurveda treat skin disorders?,"Ayurveda uses herbs like Neem, Manjistha, and Turmeric to purify the blood and treat skin issues."
Which Ayurvedic formulation is used for arthritis?,Maharasnadi Kwatha is an effective Ayurvedic decoction for arthritis and joint pain.
What is the Ayurvedic approach to weight loss?,"Kapha-balancing foods, exercise, and herbal support like Triphala are recommended."
What are the key benefits of Chyawanprash?,"Chyawanprash boosts immunity, improves digestion, and enhances vitality."
What is the role of Dashamoola in Ayurveda?,Dashamoola is a group of ten roots used for pain relief and nervous system support.
What is the concept of Srotas in Ayurveda?,Srotas are bodily channels responsible for the flow of nutrients and waste products.
Which Ayurvedic herb is used for anxiety and stress?,Ashwagandha is commonly used to reduce stress and anxiety in Ayurveda.
What is the Ayurvedic view on dairy consumption?,Dairy is considered beneficial but should be taken in moderation and properly processed.
What are the benefits of Brahmi oil?,"Brahmi oil is used for mental clarity, relaxation, and hair nourishment."
What is the importance of Gandusha therapy?,Gandusha (oil pulling) detoxifies the mouth and strengthens teeth and gums.
What is the role of Arjuna in heart health?,Arjuna bark is used in Ayurveda for strengthening the heart and improving circulation.
