question,ground_truth,prediction,score
Which text is considered one of the primary sources of Ayurveda?,The Sushruta Samhita is one of the foundational texts of Ayurveda.,"The Charaka Samhita is considered one of the primary sources of Ayurveda. This ancient text is a foundational guide to Ayurvedic principles, diagnosis, and treatment, and is still widely studied today.",1
How does Ayurveda classify food?,"Ayurveda classifies food based on six tastes: sweet, sour, salty, bitter, pungent, and astringent.","In Ayurveda, food is classified into three main categories based on its effect on the body: 

1. **Sattvic** foods: Fresh, whole, and locally sourced, promoting balance and well-being (e.g., fruits, vegetables, whole grains).
2. **Rajasic** foods: Stimulating and heating, increasing energy and activity (e.g., spicy, sour, or salty foods).
3. **Tamasic** foods: Heavy, dulling, and stagnating, leading to imbalance and disease (e.g., processed, fermented, or stale foods).

As stated in the Charaka Samhita, a classical Ayurvedic text, ""The food which is wholesome, nourishing, and agreeable, is called Sattvic"" (Charaka Samhita, Sutrasthana, 25.40). 

Choose Sattvic foods to maintain balance and promote overall well-being.",0
How does Ayurveda approach mental health?,"Ayurveda focuses on balancing the mind using sattvic foods, meditation, and herbal support like Brahmi and Ashwagandha.","According to Ayurveda, mental health is approached holistically, considering the balance of mind, body, and soul. The ancient text Charaka Samhita describes three primary aspects of mental health: Satva (clarity and positivity), Rajas (activity and passion), and Tamas (darkness and inertia). 

To maintain mental well-being, Ayurveda recommends:

1. **Dinacharya** (daily routine): Establish a consistent daily routine, including meditation, yoga, and a balanced diet.
2. **Rasayana** (rejuvenation): Practice stress-reducing techniques, such as pranayama and yoga, to nourish the mind and body.
3. **Panchakarma** (detoxification): Periodically cleanse the body and mind of toxins through Ayurvedic therapies like massage, steam therapy, and nasal cleansing.

By following these principles and practices, you can cultivate a balanced and healthy mind, as described in the classical Ayurvedic text, Ashtanga Hridayam. Remember to consult with an Ayurvedic practitioner for personalized guidance.",1
Which Ayurvedic text primarily deals with toxicology?,The text 'Forensic Medicine' discusses toxicology in Ayurveda.,"The Ayurvedic text that primarily deals with toxicology is the ""Vishavaidya"" or ""Visha Tantram"" section in the Charaka Samhita, but more specifically, it's the ""Kalpasthana"" section in the Ashtanga Hridayam and the ""Vimana Sthana"" in the Charaka Samhita that discuss toxicology. However, the most detailed text on toxicology is the ""Madhava Nidanam"" or ""Rasatarangini"" which deals with the diagnosis and treatment of poisoning. 

For a deeper understanding, I recommend exploring the Charaka Samhita, which is one of the most revered Ayurvedic texts. According to Charaka, ""the entire universe is filled with poisons, and it's up to us to understand and navigate them wisely."" (Charaka Samhita, Sutra Sthana, 1.53) 

Remember, in Ayurveda, it's essential to approach toxicology with caution and respect, and to always consult with a qualified practitioner before using any remedies.",1
What are the key Ayurvedic treatments for lung diseases?,"Treatments include herbal remedies like Vasaka, Sitopaladi Churna, and lifestyle modifications.","For lung diseases, Ayurveda offers several effective treatments. Key ones include:

1. **Panchakarma**: Detoxification and rejuvenation therapies to cleanse the lungs and respiratory system.
2. **Dhoomapana**: Inhalation of medicinal smoke from herbs like turmeric, ginger, and licorice to reduce inflammation and congestion.
3. **Kasayam**: Herbal decoctions, such as Tulsi (Holy Basil) and Adhatoda, to soothe and calm the lungs.
4. **Yoga and Pranayama**: Breathing exercises like Bhastrika and Kapalabhati to strengthen lung function and improve oxygenation.

As mentioned in the classical text, Charaka Samhita, these treatments can help manage respiratory conditions like asthma and COPD. Consult an Ayurvedic practitioner to determine the best course of treatment for your specific condition.",1
Which Ayurvedic herb is best for brain function?,Brahmi is widely used to enhance memory and cognitive function.,"My friend, for brain function, I highly recommend Ashwagandha. This adaptogenic herb is known as ""Medhya Rasayana"" in Ayurveda, which means it enhances cognitive function, memory, and mental clarity. It's also a natural stress-reliever, promoting calmness and focus. As mentioned in the Charaka Samhita, a classical Ayurvedic text, Ashwagandha is a powerful herb for supporting overall brain health. Give it a try and see the benefits for yourself.",0
Which Ayurvedic preparation is used for chronic fevers?,Sudarshana Churna is a widely used formulation for treating chronic fevers.,"For chronic fevers, I recommend Amritarishta, a classical Ayurvedic preparation. It's a polyherbal formulation that combines herbs like Giloy, Amrita, and others to balance the body's energies and alleviate fever. As mentioned in the Charaka Samhita, a foundational Ayurvedic text, Amritarishta is a proven remedy for chronic fevers. Consult an Ayurvedic practitioner for proper guidance and dosage.",1
What is the importance of Swedana therapy?,Swedana (sweating therapy) is used to eliminate toxins and relieve muscle stiffness.,"Swedana therapy is a crucial step in Ayurvedic treatment, as it dilates the body channels, allowing for easy release of toxins (aama). It's like opening the doors for the body to expel impurities. Through steam baths and localized heat treatments, Swedana helps loosen and remove toxins, preparing the body for further cleansing and rejuvenation. As mentioned in the classic Ayurvedic text, Charaka Samhita, Swedana is an essential part of Panchakarma, helping to balance the doshas and restore overall health.",1
Which Ayurvedic practice enhances longevity?,"Rasayana therapy, including Chyawanprash, enhances longevity and vitality.","My friend, according to Ayurvedic principles, consistently implementing practices like an active lifestyle, proper nutrition, and quality sleep can enhance longevity. As the ancient Ayurvedic text states, ""Ayurveda Amritanam,"" or ""Ayurveda is for immortality,"" highlighting the tradition's focus on promoting overall well-being and longevity. Try incorporating stress-reducing activities, like yoga and meditation, into your daily routine to calm the body and mind, and consider consulting with an Ayurvedic practitioner to create a personalized plan for optimal health and longevity.",0
Which Ayurvedic herb is best for liver health?,Kutki (Picrorhiza kurroa) is a potent liver tonic used in Ayurveda.,"For liver health, I recommend Bhumamalaki, also known as Phyllanthus niruri. In Ayurveda, it's considered a powerful herb for liver detoxification and support. According to the Charaka Samhita, a classical Ayurvedic text, Bhumamalaki helps to balance the liver's Pitta energy, reducing inflammation and promoting overall liver well-being. You can consume it as a tea or capsule, but always consult with an Ayurvedic practitioner for proper guidance.",0
Which Ayurvedic formulation is used for arthritis?,Maharasnadi Kwatha is an effective Ayurvedic decoction for arthritis and joint pain.,"For arthritis, Ayurveda recommends several formulations. Two popular ones are Turmeric and Ashwagandha. Turmeric has anti-inflammatory properties, while Ashwagandha helps reduce inflammation and supports the immune system. Another option is Guggulu, which reduces joint stiffness and promotes healthy joints. You can also consider Frankincense, a dried resin from the Boswellia tree, known for its pain-relieving properties. Consult an Ayurvedic practitioner for personalized guidance.",0
What is the purpose of Ayurveda as per Indian philosophy?,"To achieve these four aims and objectives of human life, healthy and long life is essential. Ayurveda teaches us how to lead a healthy, happy and long life.","The purpose of Ayurveda is to lead a fulfilled and balanced life by achieving harmony between the mind, body, and spirit. As per Indian philosophy, Ayurveda aims to advance physical, mental, and spiritual well-being, focusing on prevention and treating the root cause of diseases, not just the symptoms. In essence, Ayurveda is the ""Science of Life"" that guides us towards a holistic and healthy lifestyle.",1
Which herbs are commonly used in Ayurveda for respiratory diseases?,"Some of the commonly used herbs in Ayurveda for respiratory diseases include Tulsi (Holy Basil), Ginger, Licorice, Vasaka (Malabar Nut), and Pushkarmool (Inula racemosa).","For respiratory diseases, Ayurveda recommends herbs like Tulsi, Turmeric, and Licorice root. According to Charaka Samhita, an ancient Ayurvedic text, these herbs help balance Kapha dosha, which is often associated with respiratory issues.

* Tulsi (Holy Basil) is known for its bronchodilatory properties, easing breathing.
* Turmeric, with its anti-inflammatory properties, helps reduce airway inflammation.
* Licorice root soothes the throat and lungs, making it easier to breathe.

Try incorporating these herbs into your daily routine, and consult with an Ayurvedic practitioner for personalized guidance.",1
What is the Ayurvedic explanation for ojas and its decline?,"The decline of ojas (resilience and vitality) begins with living in fear, constant weakness and lack of fortification with food and happiness, worry, affliction of pain via the sense organs, loss of complexion, hopelessness and lack of cheer, roughness and emaciation.","My friend, in Ayurveda, ojas is considered the essence of our vitality, immunity, and overall well-being. It's the subtle energy that governs our physical, mental, and spiritual health. According to Charaka Samhita, a classical Ayurvedic text, ojas is produced from the digested nutrients and is responsible for maintaining our strength, vigor, and resilience.

Ojas decline can occur due to various factors such as poor digestion, inadequate nutrition, stress, and unhealthy lifestyle habits. When ojas is depleted, we may experience fatigue, weakness, and increased susceptibility to diseases.

To replenish and maintain healthy ojas, Ayurveda recommends a balanced diet, regular exercise, stress management, and adequate sleep. Additionally, incorporating ojas-enhancing foods like ghee, milk, and nuts, as well as herbs like ashwagandha and amalaki, can be beneficial. Remember, my friend, a healthy ojas is the key to a vibrant and resilient life.",1
How is mercury described in Rasa Shastra?,"Rasa (mercury) is superior to all medicinal substances due to its effectiveness. Even in minute dosage, it produces no unwanted taste upon consumption. It can be used in all difficult conditions, returning health in no time at all.","In Rasa Shastra, mercury is described as a powerful substance that can be transformed into a safe and therapeutic form through a process of sublimation and grinding, known as ""bhasma"" preparation. This ancient Ayurvedic method is said to convert mercury into nano-particles, rendering it non-toxic and usable for medicinal purposes. As mentioned in the Rasa Tarangini, a classical Ayurvedic text, mercury bhasma is considered a valuable remedy when prepared and used correctly.",0
What is the significance of digestion in Ayurveda?,"Āyurveda advises, ‘you are what you digest’ not ‘you are what you eat’.","In Ayurveda, digestion is the foundation of overall health. A strong digestive fire, or Agni, is crucial for absorbing nutrients and eliminating toxins. As the ancient Ayurvedic proverb says, ""When diet is wrong, medicine is of no use; When diet is correct, medicine is of no need."" Good digestion leads to a balanced state of being, while poor digestion can cause various health issues. To prioritize digestion, focus on eating a balanced diet tailored to your unique physiology, and consider incorporating Ayurvedic practices like intermittent fasting and Panchakarma therapy to support your digestive health.",1
What are some of the pranayama techniques recommended for respiratory diseases?,"Anulom Vilom, Kapalbhati, and Bhramari are some of the pranayama techniques that are commonly recommended for the treatment of respiratory diseases.","My friend, for respiratory diseases like asthma, bronchitis, and emphysema, I recommend the following pranayama techniques: 

1. **Full Yogic Breath**: Helps increase oxygenation and strengthens the lungs.
2. **Ujjayi (Breath of Victory)**: Soothes the nervous system and calms the mind, reducing stress and anxiety that can exacerbate respiratory issues.
3. **Nadi Shodhana (Alternate Nostril Breathing)**: Balances the breath and energies, promoting relaxation and reducing inflammation.

These techniques, as mentioned in the Hatha Yoga Pradipika, can help alleviate respiratory problems when practiced regularly and in conjunction with a healthy lifestyle. Remember to consult with an Ayurvedic practitioner or a qualified yoga therapist to tailor your practice to your individual needs.",0
What is the meaning of 'Rasa' in Rasa Shastra?,"Rasa means ‘mercury’ and also means ‘essence’. In this tradition, it refers both to the use of mercury in alchemy and to the essence of healing substances.","In Ayurveda, 'Rasa' has multiple meanings. It refers to the fluid tissues in the body, including blood plasma, lymph, breast milk, and menstrual blood. It also means 'taste' and 'emotion'. In the context of Rasa Shastra, 'Rasa' signifies the essence or fluid extract of a substance, often used to describe the medicinal properties of metals, minerals, or gems. As Charaka Samhita, a classical Ayurvedic text, explains, a balanced 'Rasa' is crucial for overall well-being, and it's achieved by consuming a diet that includes all six tastes.",1
What is the first step in mercury preparation?,"Shodhana or purification is the first step, which involves removing the toxic effects of mercury by repeated processes such as grinding with herbal juices and heating.","My friend, according to Ayurvedic principles, the first step in mercury preparation is a systematic process of sublimation. This is a crucial step to convert mercury sulphide into a safe and usable form, often referred to as ""Shodhana"" in classical Ayurvedic texts, such as the Rasatantra. This process helps to remove impurities and make the mercury suitable for use in traditional remedies.",1
What does the Kularnava Tantra say about the Guru?,"He alone is the Guru who is adept in the knowledge of Mantra, who is pure, who has controlled his senses, who is well-versed in the scriptures, and who is full of compassion.","My friend, the Kularnava Tantra, a revered text in Tantra, emphasizes the importance of the Guru in spiritual growth. It states that a true Guru is one who has realized the ultimate truth and can guide the seeker towards self-realization. The text advises seekers to approach a Guru with humility, devotion, and an open mind, as the Guru's guidance is essential for navigating the spiritual path. As the Kularnava Tantra says, ""Guru is the dispeller of darkness, the bestower of knowledge, and the embodiment of the divine"" (Kularnava Tantra, 13.104). May you find a wise and compassionate Guru to guide you on your spiritual journey.",1
Who is considered eligible for initiation in the Kularnava Tantra?,"Only the twice-born who are devoted to the path, disciplined, having faith, and seeking liberation are considered eligible for initiation.","My friend, according to the Kularnava Tantra, anyone who is pure of heart, has a strong desire for spiritual growth, and is free from worldly attachments is considered eligible for initiation. As stated in the tantra, ""A person who has controlled their senses, is devoid of envy, and has faith in the guru is eligible for initiation."" (Kularnava Tantra, 1.14)",0
What is the attitude towards sensual enjoyment in the Kularnava Tantra?,"A wine-drinker is different from the drinkers of ecstasy; the union of delight is between the ascending Sakti and the presiding Lord above, and not between man and woman.","In the Kularnava Tantra, sensual enjoyment is viewed as a means to attain spiritual growth and self-realization, but with moderation and awareness. The text advises that one should not be controlled by desires, but rather use them as a stepping stone for spiritual evolution. As stated in the Kularnava Tantra, ""The world is bound by desire, and it is also freed by desire"" (KT 2.24). This approach is in line with Ayurvedic principles, which emphasize balance and awareness in all aspects of life, including sensual enjoyment.",0
What does the Parada Vigyanam state about truth?,"The aim of the wise is the discovery of truth, which transcends all sectarian views and dogmatic assumptions.","My friend, the Parada Vigyanam, an ancient Ayurvedic text, states that truth is a fundamental aspect of a healthy and balanced life. According to this text, speaking the truth (Satya) is one of the essential virtues for maintaining a strong immune system and overall well-being. It advises us to speak truthfully, yet kindly, to avoid harming others. As Charaka Samhita, a classical Ayurvedic text, says, ""Satyaashayaah svasthaaya kalpante"" - those who practice truthfulness are blessed with good health.",0
What does the Parada Vigyanam say about reason and realization?,"Pure reasoning leads to realization of the one only existence, while meditation of the Adhyatmic kind opens the Path to Brahmic Bliss.","My friend, the Parada Vigyanam, a concept rooted in Ayurvedic philosophy, emphasizes the importance of reason and realization in achieving true understanding. According to this concept, reason (tarka) and realization (anubhava) are two essential aspects of gaining knowledge. 

In the context of Ayurveda, reason refers to the intellectual understanding of the principles and concepts, while realization refers to the direct experience or intuition of the truth. The Charaka Samhita, a classical Ayurvedic text, highlights the importance of combining reason and realization to achieve true knowledge and wisdom.

To apply this in your life, I recommend cultivating a balance between intellectual understanding and direct experience. This can be achieved by studying the principles of Ayurveda, reflecting on your experiences, and tuning into your intuition. By doing so, you'll be able to deepen your understanding of the world and yourself, leading to greater wisdom and well-being.",0
What is the focus of Panchadasi according to Parada Vigyanam?,"Panchadasi gives a connected and reasoned account of the Vedanta, creating in the minds of the readers a desire to resort to more authoritative scriptures.","According to Parada Vigyanam, Panchadasi is not mentioned in the context provided. However, I can tell you that Panchakarma is the focus, which is a set of five therapies in Ayurveda for purification and detoxification. If you're looking for information on Panchadasi, it's actually a text on Vedanta philosophy, not directly related to Ayurveda or Panchakarma. Would you like to know more about Panchakarma or Ayurvedic principles?",0
What is Sushruta's contribution to surgery?,"Sushruta is regarded as the father of surgery and his treatise describes in detail various surgical instruments, procedures, and classifications of surgeries.","Sushruta, a pioneer in Ayurvedic surgery, contributed significantly to the field with his groundbreaking operations and techniques. He is credited with performing rhinoplasty, removal of dead fetuses, and lithotomy, among other surgeries. His influential treatise, Sushruta-samhita, details various surgical procedures, toxicology, pediatrics, and pharmacology, making him a cornerstone in the development of Ayurvedic surgery. As stated in the Sushruta-samhita, ""the concept of shalya tantra (surgical science) was all-encompassing,"" showcasing his holistic approach to surgery.",1
What is Trividha Shalya according to Sushruta?,"Trividha Shalya refers to three kinds of foreign bodies or causes of diseases – external, internal, and emotional disturbances.","According to Sushruta, Trividha Shalya refers to the three types of foreign bodies that can enter the body: 

1. **Maha Shalya** (large foreign bodies) - such as arrows or swords
2. **Anu Shalya** (small foreign bodies) - like needles or thorns
3. **Nisharya Shalya** (minute foreign bodies) - such as dust or sand particles.

These classifications are crucial in Ayurvedic surgery for proper diagnosis and treatment.",1
What is the importance of ethical conduct in Sushruta Samhita?,"A physician must be clean in body and mind, speak the truth, be honest, compassionate, and should always strive for the welfare of patients.","In Sushruta Samhita, ethical conduct is crucial as it emphasizes the importance of medical and surgical ethics. Ācārya Suśruta highlights that proper ethical practice is essential for preventing diseases and promoting overall well-being. As he focuses on practical aspects, his teachings stress the need for physicians to adhere to high ethical standards in their daily practice, ensuring the well-being of their patients. By following these ethical guidelines, individuals can maintain a healthy and balanced life, as stated in the classical text.",1
What are the characteristics of Vata prakriti?,"Vata types are quick, lively, creative, and energetic, but can become fearful, anxious, and ungrounded when imbalanced.","My friend, according to Ayurvedic principles, individuals with a Vata prakriti typically have characteristics such as a thin and narrow body frame, weakly developed body build, irregular appetite, and dry skin and hair. They are often quick at physical activities, have difficulty gaining weight, and are sensitive to cold temperatures. As mentioned in the ancient text, Charaka Samhita, Vata types are also known for their creative, active, and kind-hearted nature. To balance their Vata energy, it's essential to follow a daily routine that includes warm, nourishing foods, regular exercise, and stress-reducing practices like meditation and yoga.",1
What is recommended in Ayurveda for maintaining healthy teeth?,"Teeth should be cleaned with twigs of neem or licorice, which have antimicrobial properties, as part of daily morning routine.","In Ayurveda, maintaining healthy teeth is all about balance and natural care. We recommend brushing your teeth with toothpaste containing herbs like clove, haritaki, and cinnamon, which generate heat to keep your mouth clean. Additionally, try oil pulling with coconut oil to prevent cavities and gum diseases. Simply swish a tablespoon of coconut oil in your mouth, then spit it out. Don't forget to scrape your tongue daily to remove bacteria and yeast. These simple practices, part of our Dinacharya (daily routine), will keep your teeth strong and healthy.",0
What does the Kularnava Tantra say about discipline?,"Without discipline, initiation is fruitless. A man should first be a disciple before he can be a master.","My friend, the Kularnava Tantra emphasizes the importance of discipline in spiritual growth. It states that ""austerity, self-control, and discipline are the threefold path to liberation"" (Kularnava Tantra, 2.34). According to Ayurvedic principles, discipline helps balance the doshas and cultivate a strong mind and body. As the Charaka Samhita says, ""Discipline is the root of all virtues"" (Charaka Samhita, 2.31). To cultivate discipline, start by setting a daily routine, practicing self-control, and being mindful of your thoughts and actions. Remember, my friend, discipline is the key to unlocking your full potential and achieving spiritual growth.",0
What is the role of tulsi in respiratory health?,Tulsi helps in reducing inflammation in the respiratory tract and improving breathing.,"Tulsi, or Holy Basil, plays a significant role in supporting respiratory health. According to Ayurvedic principles, tulsi helps to balance the kapha dosha, which is often associated with respiratory issues. It's said to remove excess kapha from the lungs, making it an excellent herb for relieving congestion, coughs, and colds. As mentioned in the Charaka Samhita, a classical Ayurvedic text, tulsi is a natural expectorant, helping to loosen and clear mucus from the lungs. To harness its benefits, you can consume tulsi as a tea, add it to your meals, or take it in supplement form. Remember to consult with an Ayurvedic practitioner for personalized guidance.",1
How is honey used in Ayurveda?,Honey is used as a carrier (anupana) in many herbal formulations and should never be heated.,"In Ayurveda, honey is considered a natural remedy with numerous health benefits. It's used to balance the body's energies, or doshas, and is known for its antibacterial and anti-inflammatory properties. According to the Charaka Samhita, an ancient Ayurvedic text, honey is used to treat various ailments, including coughs, colds, and digestive issues. To use honey effectively, consume it in moderation, about 1-2 teaspoons per day, and mix it with warm water or milk to aid digestion. You can also apply it topically to soothe skin irritations and wounds. Remember to choose pure, raw honey for maximum benefits.",0
